{"cameraMode":{"drawMode":0,"name":"Shaded","section":"Shading Mode"},"sceneLighting":false,"audioPlay":false,"sceneViewState":{"m_AlwaysRefresh":false,"showFog":true,"showSkybox":false,"showFlares":true,"showImageEffects":true,"showParticleSystems":true,"showVisualEffectGraphs":true,"m_FxEnabled":true},"in2DMode":false,"pivot":{"x":-0.41715776920318606,"y":-2.362545967102051,"z":-1.0055348873138428},"rotation":{"x":0.5391269326210022,"y":-0.20008482038974763,"z":0.13364875316619874,"w":0.8071233034133911},"size":1.5193374156951905,"orthographic":false}