{"cameraMode":{"drawMode":0,"name":"Shaded","section":"Shading Mode"},"sceneLighting":false,"audioPlay":false,"sceneViewState":{"m_AlwaysRefresh":false,"showFog":true,"showSkybox":false,"showFlares":true,"showImageEffects":false,"showParticleSystems":true,"showVisualEffectGraphs":true,"m_FxEnabled":true},"in2DMode":false,"pivot":{"x":-0.22660261392593385,"y":1.2184243202209473,"z":0.03445133566856384},"rotation":{"x":0.02791648916900158,"y":0.9717995524406433,"z":-0.1531507968902588,"w":0.17713983356952668},"size":0.5955642461776733,"orthographic":false}