{"cameraMode":{"drawMode":0,"name":"Shaded","section":"Shading Mode"},"sceneLighting":false,"audioPlay":false,"sceneViewState":{"m_AlwaysRefresh":false,"showFog":true,"showSkybox":false,"showFlares":true,"showImageEffects":true,"showParticleSystems":true,"showVisualEffectGraphs":true,"m_FxEnabled":true},"in2DMode":false,"pivot":{"x":1.993783712387085,"y":2.865218162536621,"z":0.031000524759292604},"rotation":{"x":0.20361323654651643,"y":-0.13317158818244935,"z":0.02796712890267372,"w":0.9695492386817932},"size":0.0446549654006958,"orthographic":false}