{"cameraMode":{"drawMode":0,"name":"Shaded","section":"Shading Mode"},"sceneLighting":false,"audioPlay":false,"sceneViewState":{"m_AlwaysRefresh":false,"showFog":true,"showSkybox":false,"showFlares":true,"showImageEffects":true,"showParticleSystems":true,"showVisualEffectGraphs":true,"m_FxEnabled":true},"in2DMode":false,"pivot":{"x":0.03172264248132706,"y":0.02296936884522438,"z":-1.595903992652893},"rotation":{"x":0.1982220858335495,"y":-0.8010985851287842,"z":0.3804726302623749,"w":0.4173625707626343},"size":0.3073950409889221,"orthographic":false}