{"cameraMode":{"drawMode":0,"name":"Shaded","section":"Shading Mode"},"sceneLighting":true,"audioPlay":false,"sceneViewState":{"m_AlwaysRefresh":false,"showFog":true,"showSkybox":true,"showFlares":true,"showImageEffects":true,"showParticleSystems":true,"showVisualEffectGraphs":true,"m_FxEnabled":true},"in2DMode":false,"pivot":{"x":-180.84873962402345,"y":-9.798542022705079,"z":-147.18142700195313},"rotation":{"x":0.40027084946632388,"y":-0.10819263756275177,"z":0.04765728861093521,"w":0.9087425470352173},"size":36.958580017089847,"orthographic":false}